{"cameraMode":{"drawMode":0,"name":"Shaded","section":"Shading Mode"},"sceneLighting":true,"audioPlay":false,"sceneViewState":{"showFog":true,"showMaterialUpdate":false,"showSkybox":true,"showFlares":true,"showImageEffects":true,"showParticleSystems":true},"in2DMode":false,"pivot":{"x":-1.0363898277282715,"y":-0.2039780616760254,"z":2.2445688247680666},"rotation":{"x":-0.13317473232746125,"y":0.06002818048000336,"z":-0.008053590543568135,"w":-0.9893070459365845},"size":11.159314155578614,"orthographic":false}