{"cameraMode":{"drawMode":0,"name":"Shaded","section":"Shading Mode"},"sceneLighting":true,"audioPlay":false,"sceneViewState":{"showFog":true,"showMaterialUpdate":false,"showSkybox":true,"showFlares":true,"showImageEffects":true,"showParticleSystems":true},"in2DMode":false,"pivot":{"x":0.0863952785730362,"y":1.6063194274902344,"z":0.6928501129150391},"rotation":{"x":0.05278853327035904,"y":0.00480277556926012,"z":-0.00018111789540853351,"w":0.9986789226531982},"size":8.902388572692871,"orthographic":false}