{"count":1,"gauges":{"robiebrain.CumulativeReward":{"count":3,"max":1,"min":0,"value":1,"weightedAverage":0.4375}},"self":31.133350399999998,"total":32.0166706,"children":{"AgentSendState":{"count":1545,"self":0.030921399999999998,"total":0.0339465,"children":{"CollectObservations":{"count":155,"self":0.0030250999999999998,"total":0.0030250999999999998,"children":null},"CollectDiscreteActionMasks":{"count":155,"self":0,"total":0,"children":null}}},"DecideAction":{"count":1545,"self":0.80945499999999992,"total":0.80945499999999992,"children":null},"AgentAct":{"count":1545,"self":0.0379216,"total":0.0379216,"children":null}}}