{"count":1,"gauges":{"robiebrain.CumulativeReward":{"count":4,"max":1,"min":-1,"value":0,"weightedAverage":-0.09375}},"self":54.722086399999995,"total":55.589332199999994,"children":{"AgentSendState":{"count":2753,"self":0.0349357,"total":0.036929699999999996,"children":{"CollectObservations":{"count":276,"self":0.001994,"total":0.001994,"children":null},"CollectDiscreteActionMasks":{"count":276,"self":0,"total":0,"children":null}}},"DecideAction":{"count":2753,"self":0.7768972,"total":0.7768972,"children":null},"AgentAct":{"count":2753,"self":0.052424599999999995,"total":0.052424599999999995,"children":null}}}